X,Y,Interpolated
-57.7433,-61.8416,470.3228926358802
-57.6633,-61.8416,475.8456262138501
-57.5833,-61.8416,475.0000308157986
-57.5033,-61.8416,442.89862479370146
-57.4233,-61.8416,369.5331551232433
-57.3433,-61.8416,281.9208414514132
-57.2633,-61.8416,196.626748321529
-57.1833,-61.8416,121.96717572046312
-57.1033,-61.8416,62.40489023263245
-57.0233,-61.8416,18.878707051451872
-56.9433,-61.8416,-13.30258763132312
-56.8633,-61.8416,-30.686202145130967
-56.7833,-61.8416,-34.14246247788818
-56.7033,-61.8416,-28.000236622633935
-56.6233,-61.8416,-16.860941547775106
-56.5433,-61.8416,-4.771167705614756
-56.4633,-61.8416,4.465645832270078
-56.3833,-61.8416,9.676707665022775
-56.3033,-61.8416,12.345707775680983
-56.2233,-61.8416,12.952523099429825
-56.1433,-61.8416,11.206371137226009
-56.0633,-61.8416,7.079256916818912
-55.9833,-61.8416,2.1164651160514425
-55.9033,-61.8416,-0.5038244465968998
-55.8233,-61.8416,0.24196905590505863
-55.7433,-61.8416,4.610908408048306
-55.6633,-61.8416,11.554876861201022
-55.5833,-61.8416,18.040143516173845
-55.5033,-61.8416,17.89104649491202
-55.4233,-61.8416,2.409935931521935
-55.3433,-61.8416,-14.736133345590991
-55.2633,-61.8416,-26.595619389669753
-55.1833,-61.8416,-42.80988700775198
-55.1033,-61.8416,-76.56707040275445
-55.0233,-61.8416,-114.81404527535952
-54.9433,-61.8416,-98.13248026894928
-54.8633,-61.8416,-40.250538852512186
-54.7833,-61.8416,18.19989790306413
-54.7033,-61.8416,62.50495531792455
-54.6233,-61.8416,92.31892183148175
-54.5433,-61.8416,106.22534802502283
-54.4633,-61.8416,88.53414822125876
-54.3833,-61.8416,36.26479678673111
-54.3033,-61.8416,-12.319565642876302
-54.2233,-61.8416,-43.4871518953525
-54.1433,-61.8416,-57.367152768505534
-54.0633,-61.8416,-54.43280827679143
-53.9833,-61.8416,-27.477357657266655
-53.9033,-61.8416,31.232509556873897
-53.8233,-61.8416,97.94756706271596
-53.7433,-61.8416,157.74161035291198
-53.6633,-61.8416,204.13407174059972
-53.5833,-61.8416,235.12458159561146
-53.5033,-61.8416,250.52015202867904
-57.7433,-61.7616,413.8407004992635
-57.6633,-61.7616,420.0006291208143
-57.5833,-61.7616,424.72549624291474
-57.5033,-61.7616,399.3542239071708
-57.4233,-61.7616,327.58423996496504
-57.3433,-61.7616,248.14521812765443
-57.2633,-61.7616,171.54396660954444
-57.1833,-61.7616,102.73944320382013
-57.1033,-61.7616,46.461666982604044
-57.0233,-61.7616,6.908005365504944
-56.9433,-61.7616,-22.8277290631145
-56.8633,-61.7616,-35.762872930781036
-56.7833,-61.7616,-35.22048263248171
-56.7033,-61.7616,-27.16804546349887
-56.6233,-61.7616,-15.832622725049081
-56.5433,-61.7616,-4.065780559227451
-56.4633,-61.7616,4.4117596738407405
-56.3833,-61.7616,8.747151480138282
-56.3033,-61.7616,11.49272966611646
-56.2233,-61.7616,12.673963085602747
-56.1433,-61.7616,11.354518086575686
-56.0633,-61.7616,6.645598462543095
-55.9833,-61.7616,-0.3969962085961573
-55.9033,-61.7616,-4.938815255704244
-55.8233,-61.7616,-6.141049132093996
-55.7433,-61.7616,-3.5225189817733353
-55.6633,-61.7616,2.032843826248263
-55.5833,-61.7616,8.518329964412874
-55.5033,-61.7616,12.004395683284946
-55.4233,-61.7616,-2.310189972377517
-55.3433,-61.7616,-8.108440957180553
-55.2633,-61.7616,6.751188177207258
-55.1833,-61.7616,26.96209270269782
-55.1033,-61.7616,21.569735035695533
-55.0233,-61.7616,-19.041987860154954
-54.9433,-61.7616,-3.5266843341789875
-54.8633,-61.7616,44.09882211918834
-54.7833,-61.7616,77.31960230042198
-54.7033,-61.7616,91.92255018638808
-54.6233,-61.7616,94.31485213825448
-54.5433,-61.7616,91.80105817095252
-54.4633,-61.7616,67.62457624325472
-54.3833,-61.7616,11.825408951779067
-54.3033,-61.7616,-22.99082981270079
-54.2233,-61.7616,-35.6981474755864
-54.1433,-61.7616,-33.9943579242695
-54.0633,-61.7616,-22.52822626848689
-53.9833,-61.7616,5.827779087695856
-53.9033,-61.7616,69.58960928180471
-53.8233,-61.7616,134.0727356374747
-53.7433,-61.7616,188.65851356457864
-53.6633,-61.7616,229.89146012663846
-53.5833,-61.7616,257.08396502982845
-53.5033,-61.7616,270.512792662007
-57.7433,-61.6816,308.5756336165045
-57.6633,-61.6816,307.94334660637406
-57.5833,-61.6816,302.4922064657391
-57.5033,-61.6816,280.8767939715699
-57.4233,-61.6816,237.86355243532918
-57.3433,-61.6816,186.00825782482184
-57.2633,-61.6816,130.03890914649082
-57.1833,-61.6816,72.6575982075256
-57.1033,-61.6816,18.793082628408644
-57.0233,-61.6816,-22.167894849774537
-56.9433,-61.6816,-41.28204308615237
-56.8633,-61.6816,-41.08476696946118
-56.7833,-61.6816,-32.468471868429596
-56.7033,-61.6816,-22.313513995918054
-56.6233,-61.6816,-12.86865335769067
-56.5433,-61.6816,-4.519799593023465
-56.4633,-61.6816,1.6684953529488085
-56.3833,-61.6816,5.803267391452375
-56.3033,-61.6816,9.404405617688194
-56.2233,-61.6816,12.006255033590444
-56.1433,-61.6816,11.972892718095322
-56.0633,-61.6816,7.071751880354712
-55.9833,-61.6816,-3.5960067900304202
-55.9033,-61.6816,-13.04368093240193
-55.8233,-61.6816,-18.138606369112388
-55.7433,-61.6816,-18.81497852041343
-55.6633,-61.6816,-17.165527746911096
-55.5833,-61.6816,-16.112214724316875
-55.5033,-61.6816,-18.294455656202036
-55.4233,-61.6816,-25.72601137442182
-55.3433,-61.6816,-8.383074817203676
-55.2633,-61.6816,59.081280206574625
-55.1833,-61.6816,159.08767040265676
-55.1033,-61.6816,237.7821924484658
-55.0233,-61.6816,251.04276379328235
-54.9433,-61.6816,237.78656020082653
-54.8633,-61.6816,221.20015371294045
-54.7833,-61.6816,192.4265118337728
-54.7033,-61.6816,147.99086159993686
-54.6233,-61.6816,89.8046836506842
-54.5433,-61.6816,27.94710441937224
-54.4633,-61.6816,-24.248159692305524
-54.3833,-61.6816,-48.2042840117353
-54.3033,-61.6816,-39.503226067373376
-54.2233,-61.6816,-12.710711956890085
-54.1433,-61.6816,21.270415215108667
-54.0633,-61.6816,57.91592120526459
-53.9833,-61.6816,99.96682953949899
-53.9033,-61.6816,154.4018558985338
-53.8233,-61.6816,205.26116617257162
-53.7433,-61.6816,246.70802776283253
-53.6633,-61.6816,277.2722524708025
-53.5833,-61.6816,297.1196190058151
-53.5033,-61.6816,306.83514642354976
-57.7433,-61.6016,182.22731137732893
-57.6633,-61.6016,173.7799006340193
-57.5833,-61.6016,158.6983879481297
-57.5033,-61.6016,144.1324454086962
-57.4233,-61.6016,135.21948830894465
-57.3433,-61.6016,119.94541458059763
-57.2633,-61.6016,93.18876543710874
-57.1833,-61.6016,53.52504378853776
-57.1033,-61.6016,3.96321881280215
-57.0233,-61.6016,-40.725222853352136
-56.9433,-61.6016,-45.78885747525617
-56.8633,-61.6016,-29.257683622895957
-56.7833,-61.6016,-14.349221466975976
-56.7033,-61.6016,-6.672152388870731
-56.6233,-61.6016,-4.044242534125387
-56.5433,-61.6016,-2.9645963567830558
-56.4633,-61.6016,-1.2866116692483731
-56.3833,-61.6016,1.8890216416654741
-56.3033,-61.6016,6.374862396662904
-56.2233,-61.6016,10.60865271177254
-56.1433,-61.6016,12.22165630129425
-56.0633,-61.6016,7.373662253756463
-55.9833,-61.6016,-10.06229657683982
-55.9033,-61.6016,-25.788671833699553
-55.8233,-61.6016,-34.50527213728067
-55.7433,-61.6016,-37.43753852421034
-55.6633,-61.6016,-38.89067498230403
-55.5833,-61.6016,-43.75728727385288
-55.5033,-61.6016,-54.07556986478553
-55.4233,-61.6016,-61.523325537265784
-55.3433,-61.6016,-29.11678800529196
-55.2633,-61.6016,97.95116581828366
-55.1833,-61.6016,301.970496216789
-55.1033,-61.6016,494.2447830493336
-55.0233,-61.6016,563.6923309197832
-54.9433,-61.6016,510.63757030985573
-54.8633,-61.6016,426.7552957094567
-54.7833,-61.6016,336.77392077486377
-54.7033,-61.6016,235.3653903288145
-54.6233,-61.6016,113.23491430326374
-54.5433,-61.6016,-21.108064455387357
-54.4633,-61.6016,-114.36261807043516
-54.3833,-61.6016,-93.00385408967904
-54.3033,-61.6016,-29.935618075584078
-54.2233,-61.6016,40.06696803075806
-54.1433,-61.6016,107.41695318493112
-54.0633,-61.6016,170.2649069574183
-53.9833,-61.6016,225.18984230354565
-53.9033,-61.6016,266.0974763493159
-53.8233,-61.6016,297.5659513449118
-53.7433,-61.6016,321.0769856607282
-53.6633,-61.6016,337.49152844135125
-53.5833,-61.6016,347.7415156031475
-53.5033,-61.6016,352.63726269433107
-57.7433,-61.5216,67.41367160443006
-57.6633,-61.5216,54.05780603804371
-57.5833,-61.5216,32.361619126154075
-57.5033,-61.5216,25.965466384237526
-57.4233,-61.5216,53.75004082088926
-57.3433,-61.5216,76.7178964083816
-57.2633,-61.5216,84.49771573267056
-57.1833,-61.5216,72.19013832178821
-57.1033,-61.5216,36.704452757682965
-57.0233,-61.5216,-12.821803820430418
-56.9433,-61.5216,-1.7991596266852288
-56.8633,-61.5216,24.40296631123839
-56.7833,-61.5216,32.52708532118408
-56.7033,-61.5216,25.880189299944114
-56.6233,-61.5216,13.3460766191638
-56.5433,-61.5216,2.279080217704214
-56.4633,-61.5216,-2.953712988213211
-56.3833,-61.5216,-1.6222061270733987
-56.3033,-61.5216,3.3986125841810644
-56.2233,-61.5216,8.258975275109664
-56.1433,-61.5216,9.881072160519905
-56.0633,-61.5216,4.8873258609290335
-55.9833,-61.5216,-23.48333201354378
-55.9033,-61.5216,-44.371069515098604
-55.8233,-61.5216,-53.35864483507608
-55.7433,-61.5216,-54.299758893892886
-55.6633,-61.5216,-53.84206903904857
-55.5833,-61.5216,-59.297819047029385
-55.5033,-61.5216,-74.76523300098319
-55.4233,-61.5216,-91.40284401269776
-55.3433,-61.5216,-69.56873738128249
-55.2633,-61.5216,93.69298103853518
-55.1833,-61.5216,383.08688217513975
-55.1033,-61.5216,683.003890927567
-55.0233,-61.5216,797.2710275769538
-54.9433,-61.5216,700.8846846713529
-54.8633,-61.5216,584.0304229102009
-54.7833,-61.5216,476.2399220889365
-54.7033,-61.5216,362.1989275283507
-54.6233,-61.5216,216.53276252685845
-54.5433,-61.5216,30.517148383483757
-54.4633,-61.5216,-115.67963711992348
-54.3833,-61.5216,-45.0417555909343
-54.3033,-61.5216,50.53699737592016
-54.2233,-61.5216,137.98718430830993
-54.1433,-61.5216,218.010301347085
-54.0633,-61.5216,293.4485092451557
-53.9833,-61.5216,354.9866249104166
-53.9033,-61.5216,379.2066207751607
-53.8233,-61.5216,391.19814293835555
-53.7433,-61.5216,396.8010332709333
-53.6633,-61.5216,398.8146033046007
-53.5833,-61.5216,399.1653576190153
-53.5033,-61.5216,399.05938368746354
-57.7433,-61.4416,-10.835350678692734
-57.6633,-61.4416,-19.94400167923072
-57.5833,-61.4416,-30.881314257803062
-57.5033,-61.4416,-21.43605655760024
-57.4233,-61.4416,23.20347101130958
-57.3433,-61.4416,72.56648198029892
-57.2633,-61.4416,115.12673329673703
-57.1833,-61.4416,144.86231355940004
-57.1033,-61.4416,156.2193837365857
-57.0233,-61.4416,148.4079975614361
-56.9433,-61.4416,151.43969015821818
-56.8633,-61.4416,141.87803242510637
-56.7833,-61.4416,112.41000008043777
-56.7033,-61.4416,73.75868810283522
-56.6233,-61.4416,36.788744652464366
-56.5433,-61.4416,9.40526620375624
-56.4633,-61.4416,-3.6337000378116224
-56.3833,-61.4416,-2.9662667150926927
-56.3033,-61.4416,3.57358087512764
-56.2233,-61.4416,7.280441663720673
-56.1433,-61.4416,1.6700254556423553
-56.0633,-61.4416,-16.33267127138409
-55.9833,-61.4416,-49.37885594493032
-55.9033,-61.4416,-67.85231896322415
-55.8233,-61.4416,-71.33780146028664
-55.7433,-61.4416,-65.06613581128106
-55.6633,-61.4416,-56.010806887034654
-55.5833,-61.4416,-52.91807474444545
-55.5033,-61.4416,-63.175076594804786
-55.4233,-61.4416,-79.58003130469203
-55.3433,-61.4416,-57.07713956053969
-55.2633,-61.4416,79.74987283350396
-55.1833,-61.4416,322.9340750489282
-55.1033,-61.4416,585.4814084842238
-55.0233,-61.4416,712.434110752804
-54.9433,-61.4416,679.4764707464799
-54.8633,-61.4416,625.1348374842013
-54.7833,-61.4416,577.7300191898158
-54.7033,-61.4416,527.5087339893062
-54.6233,-61.4416,449.41538387065174
-54.5433,-61.4416,321.144184515862
-54.4633,-61.4416,184.063919077086
-54.3833,-61.4416,193.6724876615919
-54.3033,-61.4416,233.36806640677497
-54.2233,-61.4416,280.68044433005485
-54.1433,-61.4416,334.9707726941471
-54.0633,-61.4416,394.40459724107785
-53.9833,-61.4416,445.3422688939308
-53.9033,-61.4416,464.62230441432695
-53.8233,-61.4416,466.2274896992186
-53.7433,-61.4416,458.8983972721422
-53.6633,-61.4416,449.2492488144571
-53.5833,-61.4416,441.2578715003067
-53.5033,-61.4416,436.8863408400536
-57.7433,-61.3616,-49.672595576975304
-57.6633,-61.3616,-50.12872974662343
-57.5833,-61.3616,-44.28378470640707
-57.5033,-61.3616,-19.12298709851551
-57.4233,-61.3616,31.035712063315028
-57.3433,-61.3616,95.25130931896341
-57.2633,-61.3616,166.47137882084857
-57.1833,-61.3616,240.894679768332
-57.1033,-61.3616,312.3864198133963
-57.0233,-61.3616,362.5156694971829
-56.9433,-61.3616,349.48235700365154
-56.8633,-61.3616,281.655740062565
-56.7833,-61.3616,198.62989862144514
-56.7033,-61.3616,120.5610141476266
-56.6233,-61.3616,56.92576073739929
-56.5433,-61.3616,13.61843513192977
-56.4633,-61.3616,-4.442221952300313
-56.3833,-61.3616,1.288687562257075
-56.3033,-61.3616,14.904883984189638
-56.2233,-61.3616,21.118093387455428
-56.1433,-61.3616,8.288301417714099
-56.0633,-61.3616,-26.901061186141504
-55.9833,-61.3616,-69.69912829343447
-55.9033,-61.3616,-83.03023854262698
-55.8233,-61.3616,-80.69327386553435
-55.7433,-61.3616,-67.24763794939216
-55.6633,-61.3616,-47.11662959696046
-55.5833,-61.3616,-29.53727488027069
-55.5033,-61.3616,-29.401305530202745
-55.4233,-61.3616,-53.056927055027
-55.3433,-61.3616,-52.27838238378699
-55.2633,-61.3616,15.35716873091571
-55.1833,-61.3616,142.48422201606652
-55.1033,-61.3616,283.2803532464161
-55.0233,-61.3616,400.7571682890394
-54.9433,-61.3616,488.22267398110944
-54.8633,-61.3616,555.7367644876998
-54.7833,-61.3616,619.1189072324997
-54.7033,-61.3616,684.4624173044567
-54.6233,-61.3616,740.5172264314549
-54.5433,-61.3616,747.3089493020944
-54.4633,-61.3616,637.089744922468
-54.3833,-61.3616,529.5485160362766
-54.3033,-61.3616,459.41498914176617
-54.2233,-61.3616,429.0992949596708
-54.1433,-61.3616,432.70183202733324
-54.0633,-61.3616,460.2248921932074
-53.9833,-61.3616,495.00323127193076
-53.9033,-61.3616,515.5089506115423
-53.8233,-61.3616,512.4572409610544
-53.7433,-61.3616,496.59441831136155
-53.6633,-61.3616,478.98196902324196
-53.5833,-61.3616,465.40829734784495
-53.5033,-61.3616,458.2418222775524
-57.7433,-61.2816,-60.782876027834384
-57.6633,-61.2816,-54.404112370507555
-57.5833,-61.2816,-37.122150110587604
-57.5033,-61.2816,-2.62320129725487
-57.4233,-61.2816,48.36335968584857
-57.3433,-61.2816,117.16243133024625
-57.2633,-61.2816,202.2573545277297
-57.1833,-61.2816,303.74187731535346
-57.1033,-61.2816,419.20756787981503
-57.0233,-61.2816,524.2176017784655
-56.9433,-61.2816,494.0643460519058
-56.8633,-61.2816,371.1468673957923
-56.7833,-61.2816,247.05120180527652
-56.7033,-61.2816,142.4596820785004
-56.6233,-61.2816,62.599412908591475
-56.5433,-61.2816,11.079904010379353
-56.4633,-61.2816,-4.815148353638437
-56.3833,-61.2816,16.37566085881417
-56.3033,-61.2816,47.39528005826062
-56.2233,-61.2816,67.37788444936703
-56.1433,-61.2816,58.517276835135576
-56.0633,-61.2816,11.435918614817677
-55.9833,-61.2816,-51.738388934237285
-55.9033,-61.2816,-65.0041247248604
-55.8233,-61.2816,-70.22676326931344
-55.7433,-61.2816,-60.991447505593534
-55.6633,-61.2816,-36.86075767369989
-55.5833,-61.2816,-6.930767607228254
-55.5033,-61.2816,4.800049854645509
-55.4233,-61.2816,-36.57953742658644
-55.3433,-61.2816,-67.8132786255201
-55.2633,-61.2816,-67.70692984478393
-55.1833,-61.2816,-45.638126688305114
-55.1033,-61.2816,-19.82394611362006
-55.0233,-61.2816,78.4998650380846
-54.9433,-61.2816,264.20501972074175
-54.8633,-61.2816,431.7499018100603
-54.7833,-61.2816,587.2959765708061
-54.7033,-61.2816,751.6166631289774
-54.6233,-61.2816,933.4290340680222
-54.5433,-61.2816,1090.3645988984244
-54.4633,-61.2816,982.608902632267
-54.3833,-61.2816,776.9034638972723
-54.3033,-61.2816,617.2421585393367
-54.2233,-61.2816,520.7878421970554
-54.1433,-61.2816,478.37417045157747
-54.0633,-61.2816,477.01495708512186
-53.9833,-61.2816,501.1449716557804
-53.9033,-61.2816,528.1682666167056
-53.8233,-61.2816,522.2418545653702
-53.7433,-61.2816,501.4796220207865
-53.6633,-61.2816,480.82469975987414
-53.5833,-61.2816,465.7722351516473
-53.5033,-61.2816,458.03658975466453
-57.7433,-61.2016,-57.544160403697695
-57.6633,-61.2016,-48.19817484542551
-57.5833,-61.2016,-27.204871740831365
-57.5033,-61.2016,7.805104241676703
-57.4233,-61.2016,54.75557465777968
-57.3433,-61.2016,116.72701242435774
-57.2633,-61.2016,193.48528577305578
-57.1833,-61.2016,284.21607540321065
-57.1033,-61.2016,384.0272472551381
-57.0233,-61.2016,467.89635235075076
-56.9433,-61.2016,441.46662833150333
-56.8633,-61.2016,335.0348570718899
-56.7833,-61.2016,221.59226730339662
-56.7033,-61.2016,123.50379373246548
-56.6233,-61.2016,49.347764701437484
-56.5433,-61.2016,6.311586492897987
-56.4633,-61.2016,5.087914968586455
-56.3833,-61.2016,48.00583218893146
-56.3033,-61.2016,106.22186737477065
-56.2233,-61.2016,156.1624681787914
-56.1433,-61.2016,175.94129878830117
-56.0633,-61.2016,148.57731106537008
-55.9833,-61.2016,80.50328015306775
-55.9033,-61.2016,21.054058577236773
-55.8233,-61.2016,-31.23506309249238
-55.7433,-61.2016,-49.42923201212686
-55.6633,-61.2016,-39.19977495864883
-55.5833,-61.2016,-19.006543131485117
-55.5033,-61.2016,-14.727620343391173
-55.4233,-61.2016,-48.6902119419688
-55.3433,-61.2016,-88.01843519922447
-55.2633,-61.2016,-115.80065619754814
-55.1833,-61.2016,-128.9695098645262
-55.1033,-61.2016,-118.88567115900781
-55.0233,-61.2016,-32.15819510836045
-54.9433,-61.2016,135.009547449303
-54.8633,-61.2016,309.03958396132737
-54.7833,-61.2016,478.36941158574575
-54.7033,-61.2016,654.3365494979633
-54.6233,-61.2016,844.5370668454757
-54.5433,-61.2016,1012.4485885619698
-54.4633,-61.2016,952.2405973588246
-54.3833,-61.2016,776.7785323947859
-54.3033,-61.2016,619.5921936683307
-54.2233,-61.2016,509.5748410540088
-54.1433,-61.2016,447.387947182153
-54.0633,-61.2016,428.3374844590869
-53.9833,-61.2016,445.85474518369824
-53.9033,-61.2016,482.3890093721597
-53.8233,-61.2016,481.05859839899045
-53.7433,-61.2016,465.7496582428347
-53.6633,-61.2016,451.10892730738846
-53.5833,-61.2016,440.67505042159155
-53.5033,-61.2016,435.3549332714578
-57.7433,-61.1216,-49.02240421078882
-57.6633,-61.1216,-39.8817529389256
-57.5833,-61.1216,-20.90553600731993
-57.5033,-61.1216,8.184255497558453
-57.4233,-61.1216,46.03779809590507
-57.3433,-61.1216,91.97602155728208
-57.2633,-61.1216,143.29010491879276
-57.1833,-61.1216,195.08414228922183
-57.1033,-61.1216,239.16663669049765
-57.0233,-61.1216,262.55091227741303
-56.9433,-61.1216,250.47622239706337
-56.8633,-61.1216,201.8797546127314
-56.7833,-61.1216,136.07515465291434
-56.7033,-61.1216,70.63402131920535
-56.6233,-61.1216,19.943223329682624
-56.5433,-61.1216,-1.7458664123696181
-56.4633,-61.1216,21.00711782598046
-56.3833,-61.1216,89.78709882735052
-56.3033,-61.1216,181.4631570402541
-56.2233,-61.1216,272.8388745796227
-56.1433,-61.1216,340.2062840517601
-56.0633,-61.1216,355.7952046589284
-55.9833,-61.1216,288.67938630895713
-55.9033,-61.1216,152.14570482048427
-55.8233,-61.1216,20.633800570068818
-55.7433,-61.1216,-35.72138296828531
-55.6633,-61.1216,-45.13868471330698
-55.5833,-61.1216,-38.45251426018251
-55.5033,-61.1216,-40.46303028750449
-55.4233,-61.1216,-64.34324673687765
-55.3433,-61.1216,-96.6942996207102
-55.2633,-61.1216,-123.84339065483756
-55.1833,-61.1216,-135.3028572525384
-55.1033,-61.1216,-116.2903662844421
-55.0233,-61.1216,-43.139720375005034
-54.9433,-61.1216,73.80830769566238
-54.8633,-61.1216,197.69634412357655
-54.7833,-61.1216,314.5214989330373
-54.7033,-61.1216,421.1340536358448
-54.6233,-61.1216,514.9567109372169
-54.5433,-61.1216,585.9136821563211
-54.4633,-61.1216,610.5912360651198
-54.3833,-61.1216,559.0329583323124
-54.3033,-61.1216,479.26248483252357
-54.2233,-61.1216,402.9311049626687
-54.1433,-61.1216,345.6898533041937
-54.0633,-61.1216,316.73728502747457
-53.9833,-61.1216,323.22558985998114
-53.9033,-61.1216,358.91957202250546
-53.8233,-61.1216,381.8180460139866
-53.7433,-61.1216,391.2375842348425
-53.6633,-61.1216,394.22142824633016
-53.5833,-61.1216,394.7287713877645
-53.5033,-61.1216,394.6144594442763
-57.7433,-61.0416,-39.45306429326711
-57.6633,-61.0416,-32.045977489950296
-57.5833,-61.0416,-17.450850721437543
-57.5033,-61.0416,3.527288017405541
-57.4233,-61.0416,29.599119504214567
-57.3433,-61.0416,56.76016512442054
-57.2633,-61.0416,79.5032439974225
-57.1833,-61.0416,89.74035823959244
-57.1033,-61.0416,78.13717152039678
-57.0233,-61.0416,44.78245819845232
-56.9433,-61.0416,47.752691790193104
-56.8633,-61.0416,54.05013510339522
-56.7833,-61.0416,37.35569889558713
-56.7033,-61.0416,8.35657631826008
-56.6233,-61.0416,-15.818619642225915
-56.5433,-61.0416,-16.436757824147662
-56.4633,-61.0416,29.74312994093355
-56.3833,-61.0416,127.07167569442022
-56.3033,-61.0416,251.43053401892305
-56.2233,-61.0416,382.7062414010328
-56.1433,-61.0416,498.8407718656981
-56.0633,-61.0416,565.4244173580631
-55.9833,-61.0416,503.0156459949712
-55.9033,-61.0416,282.0418082627902
-55.8233,-61.0416,61.91388475693815
-55.7433,-61.0416,-18.6142352588391
-55.6633,-61.0416,-41.863182619561414
-55.5833,-61.0416,-45.71224961405659
-55.5033,-61.0416,-51.36191619977308
-55.4233,-61.0416,-67.76541463541477
-55.3433,-61.0416,-89.4580063532053
-55.2633,-61.0416,-106.30245551301849
-55.1833,-61.0416,-107.38926028294685
-55.1033,-61.0416,-81.25897885603656
-55.0233,-61.0416,-21.809066881989885
-54.9433,-61.0416,45.391759851511665
-54.8633,-61.0416,104.37204732274883
-54.7833,-61.0416,148.3155461867982
-54.7033,-61.0416,165.51023784698327
-54.6233,-61.0416,147.42257876516652
-54.5433,-61.0416,114.4047216510394
-54.4633,-61.0416,224.30303126150028
-54.3833,-61.0416,284.88601911713636
-54.3033,-61.0416,287.3697820177191
-54.2233,-61.0416,255.97214783539292
-54.1433,-61.0416,213.2556384263597
-54.0633,-61.0416,178.52178206521026
-53.9833,-61.0416,175.78532281185392
-53.9033,-61.0416,222.19270414070502
-53.8233,-61.0416,269.37435055652037
-53.7433,-61.0416,303.9574901455615
-53.6633,-61.0416,326.2847807188765
-53.5833,-61.0416,339.21623531634276
-53.5033,-61.0416,345.08215056936916
-57.7433,-60.9616,-30.15628656657253
-57.6633,-60.9616,-24.688417480502128
-57.5833,-60.9616,-14.398893138902698
-57.5033,-60.9616,-0.6513947480804693
-57.4233,-60.9616,14.965193748601521
-57.3433,-60.9616,27.562101886139732
-57.2633,-60.9616,31.47321188876954
-57.1833,-60.9616,19.695119884685255
-57.1033,-60.9616,-13.225665049666139
-57.0233,-60.9616,-59.01748763282417
-56.9433,-60.9616,-55.79309778875939
-56.8633,-60.9616,-34.93520763510758
-56.7833,-60.9616,-29.917056680824558
-56.7033,-60.9616,-36.970981292573775
-56.6233,-60.9616,-41.53182606668787
-56.5433,-60.9616,-24.765770952099487
-56.4633,-60.9616,38.31499259164354
-56.3833,-60.9616,153.08792957777501
-56.3033,-60.9616,296.05841527332007
-56.2233,-60.9616,447.94192587451454
-56.1433,-60.9616,585.6405242381103
-56.0633,-60.9616,669.8284084520182
-55.9833,-60.9616,611.36608898568
-55.9033,-60.9616,372.98933374607265
-55.8233,-60.9616,124.02275527809914
-55.7433,-60.9616,24.708050819543626
-55.6633,-60.9616,-15.580779016895196
-55.5833,-60.9616,-32.00952604932318
-55.5033,-60.9616,-42.77358222490883
-55.4233,-60.9616,-55.79663706570126
-55.3433,-60.9616,-69.57758390569384
-55.2633,-60.9616,-77.72901465774386
-55.1833,-60.9616,-72.51312166282365
-55.1033,-60.9616,-47.87058910737433
-55.0233,-60.9616,-6.281742062948038
-54.9433,-60.9616,24.15793715850759
-54.8633,-60.9616,36.51924368040482
-54.7833,-60.9616,30.265291549652158
-54.7033,-60.9616,-2.6757999017874736
-54.6233,-60.9616,-62.46857019114447
-54.5433,-60.9616,-111.65790683751435
-54.4633,-60.9616,-0.3553306951214671
-54.3833,-60.9616,94.02897086266307
-54.3033,-60.9616,135.43425333879537
-54.2233,-60.9616,132.25251913445103
-54.1433,-60.9616,102.67212262787794
-54.0633,-60.9616,68.26332789502145
-53.9833,-60.9616,62.341944753588315
-53.9033,-60.9616,116.75305287822728
-53.8233,-60.9616,178.4769742449279
-53.7433,-60.9616,229.20038546928856
-53.6633,-60.9616,265.0470005971205
-53.5833,-60.9616,287.1757865639085
-53.5033,-60.9616,297.6068962398631
-57.7433,-60.8816,-21.430719991900354
-57.6633,-60.8816,-17.418398039601936
-57.5833,-60.8816,-10.11687150890905
-57.5033,-60.8816,-1.0351946961722176
-57.4233,-60.8816,7.520006516254273
-57.3433,-60.8816,12.438029858829323
-57.2633,-60.8816,10.303834391706928
-57.1833,-60.8816,-1.9867689939919329
-57.1033,-60.8816,-24.53963722044154
-57.0233,-60.8816,-49.13318601462804
-56.9433,-60.8816,-55.80883250500763
-56.8633,-60.8816,-52.63531707439324
-56.7833,-60.8816,-52.381426549023274
-56.7033,-60.8816,-54.67739090021076
-56.6233,-60.8816,-49.99630152773387
-56.5433,-60.8816,-22.51250069768016
-56.4633,-60.8816,47.574057168841854
-56.3833,-60.8816,163.71707997419838
-56.3033,-60.8816,306.5597909747583
-56.2233,-60.8816,455.5855195085879
-56.1433,-60.8816,585.2661291191439
-56.0633,-60.8816,655.3722485535058
-55.9833,-60.8816,605.286775696724
-55.9033,-60.8816,420.27639103648835
-55.8233,-60.8816,216.05338923359477
-55.7433,-60.8816,94.09626194594708
-55.6633,-60.8816,30.693277562982942
-55.5833,-60.8816,-0.9427300652748537
-55.5033,-60.8816,-18.742422548419995
-55.4233,-60.8816,-32.08662341782185
-55.3433,-60.8816,-42.409480914311594
-55.2633,-60.8816,-46.86616870041189
-55.1833,-60.8816,-41.71042054397048
-55.1033,-60.8816,-25.74833632580059
-55.0233,-60.8816,-4.8560631398367695
-54.9433,-60.8816,4.945454659056723
-54.8633,-60.8816,-1.8387657101657253
-54.7833,-60.8816,-24.490919060654623
-54.7033,-60.8816,-61.7350193022933
-54.6233,-60.8816,-102.87609480044254
-54.5433,-60.8816,-114.78827781335893
-54.4633,-60.8816,-45.912319070104935
-54.3833,-60.8816,24.239927681355923
-54.3033,-60.8816,63.52437982105541
-54.2233,-60.8816,68.37190247453142
-54.1433,-60.8816,48.21066049203216
-54.0633,-60.8816,21.78264377088906
-53.9833,-60.8816,20.05376248278916
-53.9033,-60.8816,67.7068436582877
-53.8233,-60.8816,129.0064049075364
-53.7433,-60.8816,183.1559850295094
-53.6633,-60.8816,223.2392175379797
-53.5833,-60.8816,248.74665390760293
-53.5033,-60.8816,260.98597788926173
-57.7433,-60.8016,-13.625668757813948
-57.6633,-60.8016,-10.537078513403582
-57.5833,-60.8016,-4.991755643317928
-57.5033,-60.8016,1.6183064108836753
-57.4233,-60.8016,6.645745029316933
-57.3433,-60.8016,9.236424114539014
-57.2633,-60.8016,8.668313515934914
-57.1833,-60.8016,5.049499279189093
-57.1033,-60.8016,0.5103320462698214
-57.0233,-60.8016,-2.521611011919013
-56.9433,-60.8016,-16.289714590572146
-56.8633,-60.8016,-32.524383349176624
-56.7833,-60.8016,-44.356731209266776
-56.7033,-60.8016,-50.423620107986146
-56.6233,-60.8016,-45.57558842712458
-56.5433,-60.8016,-19.023764303683123
-56.4633,-60.8016,47.533539369943384
-56.3833,-60.8016,156.51600584455085
-56.3033,-60.8016,285.92847602935694
-56.2233,-60.8016,417.16887555044127
-56.1433,-60.8016,528.8128855172193
-56.0633,-60.8016,590.8727188645574
-55.9833,-60.8016,561.5467708183361
-55.9033,-60.8016,419.6260609289402
-55.8233,-60.8016,259.1854384385236
-55.7433,-60.8016,142.71835205705742
-55.6633,-60.8016,72.33537557397425
-55.5833,-60.8016,33.40543217115989
-55.5033,-60.8016,11.526102303883414
-55.4233,-60.8016,-3.0685385829302723
-55.3433,-60.8016,-12.86414694208395
-55.2633,-60.8016,-17.196827083380327
-55.1833,-60.8016,-14.984175326736795
-55.1033,-60.8016,-7.292386075214367
-55.0233,-60.8016,0.6256194053174072
-54.9433,-60.8016,0.1903710357104933
-54.8633,-60.8016,-11.262177505299647
-54.7833,-60.8016,-30.934691117688516
-54.7033,-60.8016,-52.43185466070203
-54.6233,-60.8016,-63.24717656133802
-54.5433,-60.8016,-45.84597973897504
-54.4633,-60.8016,0.46313065496210426
-54.3833,-60.8016,38.286752837567015
-54.3033,-60.8016,61.9265770205327
-54.2233,-60.8016,66.23417517865809
-54.1433,-60.8016,52.21065928291955
-54.0633,-60.8016,29.45171707183244
-53.9833,-60.8016,24.223118950671868
-53.9033,-60.8016,69.04895488882552
-53.8233,-60.8016,123.34188800389799
-53.7433,-60.8016,170.67414936290615
-53.6633,-60.8016,205.922084643323
-53.5833,-60.8016,228.60802551701875
-53.5033,-60.8016,239.59591286414474
-57.7433,-60.7216,-7.258605196304328
-57.6633,-60.7216,-4.799717615002429
-57.5833,-60.7216,-0.3968287948572498
-57.5033,-60.7216,4.806000144572924
-57.4233,-60.7216,8.538383064746869
-57.3433,-60.7216,11.216413575494574
-57.2633,-60.7216,13.569071350681416
-57.1833,-60.7216,16.854567406059996
-57.1033,-60.7216,22.840659113444616
-57.0233,-60.7216,29.829124875122563
-56.9433,-60.7216,15.096914001886635
-56.8633,-60.7216,-8.197880779431964
-56.7833,-60.7216,-25.440799775513135
-56.7033,-60.7216,-33.559751836820745
-56.6233,-60.7216,-29.59816979419043
-56.5433,-60.7216,-7.270118339119516
-56.4633,-60.7216,48.85910105286211
-56.3833,-60.7216,140.09195092297048
-56.3033,-60.7216,243.9415825056819
-56.2233,-60.7216,345.45988317030157
-56.1433,-60.7216,429.35063321300163
-56.0633,-60.7216,477.4228841901243
-55.9833,-60.7216,462.5552092897602
-55.9033,-60.7216,358.6507177570587
-55.8233,-60.7216,243.16826828184128
-55.7433,-60.7216,152.68739199404223
-55.6633,-60.7216,93.67627195925887
-55.5833,-60.7216,59.1941113221769
-55.5033,-60.7216,39.210199639519274
-55.4233,-60.7216,24.996064717378125
-55.3433,-60.7216,14.976174374161438
-55.2633,-60.7216,9.434662852712776
-55.1833,-60.7216,8.518338141570974
-55.1033,-60.7216,10.699173191488663
-55.0233,-60.7216,12.079818495176522
-54.9433,-60.7216,7.852138048123893
-54.8633,-60.7216,-2.000435462519871
-54.7833,-60.7216,-13.068285166654276
-54.7033,-60.7216,-17.86877544655594
-54.6233,-60.7216,-6.5249072687576035
-54.5433,-60.7216,27.63511737353289
-54.4633,-60.7216,64.94936535027222
-54.3833,-60.7216,83.91289705083737
-54.3033,-60.7216,99.8159041208208
-54.2233,-60.7216,109.68986266004228
-54.1433,-60.7216,109.48892870302339
-54.0633,-60.7216,98.70943651252303
-53.9833,-60.7216,92.21850574094464
-53.9033,-60.7216,124.09555266315422
-53.8233,-60.7216,159.09725877308452
-53.7433,-60.7216,188.73284815074067
-53.6633,-60.7216,210.95692379058943
-53.5833,-60.7216,225.5311228465809
-53.5033,-60.7216,232.7048315696047
-57.7433,-60.6416,-2.709761540637328
-57.6633,-60.6416,-0.7667997582990506
-57.5833,-60.6416,2.6794112612690677
-57.5033,-60.6416,6.702756723178099
-57.4233,-60.6416,10.032496206567382
-57.3433,-60.6416,13.02454978226103
-57.2633,-60.6416,16.40337069019173
-57.1833,-60.6416,20.81750919081471
-57.1033,-60.6416,26.08182168213138
-57.0233,-60.6416,28.7563559110887
-56.9433,-60.6416,19.547423344792733
-56.8633,-60.6416,4.061797297345016
-56.7833,-60.6416,-8.222280777430871
-56.7033,-60.6416,-12.293246046063162
-56.6233,-60.6416,-4.69572996561013
-56.5433,-60.6416,18.34922175297208
-56.4633,-60.6416,61.497269544581535
-56.3833,-60.6416,123.2173744942892
-56.3033,-60.6416,191.6196093819196
-56.2233,-60.6416,254.36838142031613
-56.1433,-60.6416,299.12496782230295
-56.0633,-60.6416,314.70406320671344
-55.9833,-60.6416,293.40998924376
-55.9033,-60.6416,239.73376984172648
-55.8233,-60.6416,178.5465133564578
-55.7433,-60.6416,127.4336828416438
-55.6633,-60.6416,92.56189446174359
-55.5833,-60.6416,71.89214229686483
-55.5033,-60.6416,59.24202947883206
-55.4233,-60.6416,47.80079916644291
-55.3433,-60.6416,37.974183138103854
-55.2633,-60.6416,31.229487035341975
-55.1833,-60.6416,28.071426013191875
-55.1033,-60.6416,27.392252898299407
-55.0233,-60.6416,26.284041588829393
-54.9433,-60.6416,21.190317701760815
-54.8633,-60.6416,13.92879312724149
-54.7833,-60.6416,9.516969418348928
-54.7033,-60.6416,13.930743181032954
-54.6233,-60.6416,32.32819549963907
-54.5433,-60.6416,64.26328208755285
-54.4633,-60.6416,96.53935960178174
-54.3833,-60.6416,120.29893483220376
-54.3033,-60.6416,144.81227911711613
-54.2233,-60.6416,172.19019517614547
-54.1433,-60.6416,199.18753331337763
-54.0633,-60.6416,217.85102694523192
-53.9833,-60.6416,219.11319180563905
-53.9033,-60.6416,219.5184784608891
-53.8233,-60.6416,221.45522504742726
-53.7433,-60.6416,225.1155883236008
-53.6633,-60.6416,229.43310922407915
-53.5833,-60.6416,233.11073284781452
-53.5033,-60.6416,235.18829316895076
-57.7433,-60.5616,-0.034478225592416326
-57.6633,-60.5616,1.5018175720252143
-57.5833,-60.5616,4.254265229268538
-57.5033,-60.5616,7.5433526527860035
-57.4233,-60.5616,10.33671305491629
-57.3433,-60.5616,12.987897935133812
-57.2633,-60.5616,15.754119203004453
-57.1833,-60.5616,18.461825846657092
-57.1033,-60.5616,20.12271841599146
-57.0233,-60.5616,18.84175463006819
-56.9433,-60.5616,14.625054584991874
-56.8633,-60.5616,8.211798676509401
-56.7833,-60.5616,3.7613379110028
-56.7033,-60.5616,5.860333826591294
-56.6233,-60.5616,17.93142676432006
-56.5433,-60.5616,41.083976226310156
-56.4633,-60.5616,70.62771966347822
-56.3833,-60.5616,103.89996112251185
-56.3033,-60.5616,137.8485162927282
-56.2233,-60.5616,163.2445703348972
-56.1433,-60.5616,169.87092922347134
-56.0633,-60.5616,152.04257169802366
-55.9833,-60.5616,119.30136874484035
-55.9033,-60.5616,108.093573734225
-55.8233,-60.5616,96.51868796727861
-55.7433,-60.5616,84.73300811009595
-55.6633,-60.5616,76.77856442936384
-55.5833,-60.5616,73.55188751493998
-55.5033,-60.5616,71.66735378351471
-55.4233,-60.5616,63.478131545762224
-55.3433,-60.5616,53.92527651543993
-55.2633,-60.5616,46.283468891447384
-55.1833,-60.5616,41.74208654971909
-55.1033,-60.5616,39.95397223451149
-55.0233,-60.5616,38.82872722952477
-54.9433,-60.5616,33.46657833033278
-54.8633,-60.5616,27.594710037337776
-54.7833,-60.5616,26.47398074415286
-54.7033,-60.5616,34.09162785270288
-54.6233,-60.5616,52.69722722351769
-54.5433,-60.5616,80.48329684139772
-54.4633,-60.5616,109.93436108386256
-54.3833,-60.5616,138.81733014276162
-54.3033,-60.5616,174.42183266518254
-54.2233,-60.5616,221.15540370287368
-54.1433,-60.5616,277.9486053049058
-54.0633,-60.5616,331.28258484580647
-53.9833,-60.5616,337.41102606310113
-53.9033,-60.5616,307.88447698567074
-53.8233,-60.5616,279.1458006787324
-53.7433,-60.5616,259.4421580648738
-53.6633,-60.5616,247.91481364175482
-53.5833,-60.5616,241.97742370723725
-53.5033,-60.5616,239.54487615175586
-57.7433,-60.4816,0.9384264537848791
-57.6633,-60.4816,2.1125065969855066
-57.5833,-60.4816,4.27595977453871
-57.5033,-60.4816,6.999845345420896
-57.4233,-60.4816,9.248654167666473
-57.3433,-60.4816,11.393981809119047
-57.2633,-60.4816,13.294441824918776
-57.1833,-60.4816,14.365332385360764
-57.1033,-60.4816,13.605092573110978
-57.0233,-60.4816,10.465509250664484
-56.9433,-60.4816,9.619017686794571
-56.8633,-60.4816,9.19883967885287
-56.7833,-60.4816,10.192241732282088
-56.7033,-60.4816,16.076602679530293
-56.6233,-60.4816,29.77767223548407
-56.5433,-60.4816,51.267787538267854
-56.4633,-60.4816,69.14397745809006
-56.3833,-60.4816,80.8716899053137
-56.3033,-60.4816,90.18197350324319
-56.2233,-60.4816,90.02142454779442
-56.1433,-60.4816,72.03022235235997
-56.0633,-60.4816,32.69967298341332
-55.9833,-60.4816,-11.586624077988093
-55.9033,-60.4816,8.886973028579487
-55.8233,-60.4816,29.9259065572538
-55.7433,-60.4816,44.783698856874985
-55.6633,-60.4816,56.466119212250796
-55.5833,-60.4816,67.05017255211543
-55.5033,-60.4816,74.85441625592992
-55.4233,-60.4816,69.58260687220182
-55.3433,-60.4816,60.90837487720813
-55.2633,-60.4816,53.01824834685213
-55.1833,-60.4816,47.41953488747659
-55.1033,-60.4816,44.5070425719834
-55.0233,-60.4816,43.37228459706078
-54.9433,-60.4816,38.16157183448299
-54.8633,-60.4816,33.45609459053051
-54.7833,-60.4816,33.72185816756238
-54.7033,-60.4816,41.123959985082514
-54.6233,-60.4816,56.6007219251183
-54.5433,-60.4816,79.05676760502128
-54.4633,-60.4816,104.04857013120359
-54.3833,-60.4816,132.73800468960755
-54.3033,-60.4816,172.02885160851295
-54.2233,-60.4816,226.39671777996747
-54.1433,-60.4816,297.15144307308975
-54.0633,-60.4816,372.70083803937814
-53.9833,-60.4816,384.2908532478187
-53.9033,-60.4816,341.830482572296
-53.8233,-60.4816,301.4183940584637
-53.7433,-60.4816,272.4428417787769
-53.6633,-60.4816,254.00673450020793
-53.5833,-60.4816,243.50134115175445
-53.5033,-60.4816,238.80314276743684
-57.7433,-60.4016,0.6028966342088296
-57.6633,-60.4016,1.386767403205992
-57.5833,-60.4016,2.862167769100359
-57.5033,-60.4016,4.839073726831445
-57.4233,-60.4016,6.972402499804574
-57.3433,-60.4016,9.05508042164146
-57.2633,-60.4016,10.76064278494703
-57.1833,-60.4016,11.632417616132113
-57.1033,-60.4016,11.247936133367563
-57.0233,-60.4016,9.882647570129421
-56.9433,-60.4016,9.604552539167738
-56.8633,-60.4016,10.096420453180022
-56.7833,-60.4016,11.954888800707124
-56.7033,-60.4016,16.86280483761228
-56.6233,-60.4016,25.993500043879468
-56.5433,-60.4016,38.23236272161945
-56.4633,-60.4016,48.062558873018894
-56.3833,-60.4016,52.99356259935061
-56.3033,-60.4016,52.98494127311255
-56.2233,-60.4016,44.51516477685985
-56.1433,-60.4016,24.27742511555364
-56.0633,-60.4016,-5.789369378221983
-55.9833,-60.4016,-30.84987423084717
-55.9033,-60.4016,-20.791980921820468
-55.8233,-60.4016,-0.1899687706277499
-55.7433,-60.4016,20.404688720383398
-55.6633,-60.4016,38.710132361263746
-55.5833,-60.4016,54.01659240699103
-55.5033,-60.4016,63.95170177557272
-55.4233,-60.4016,63.90630359316898
-55.3433,-60.4016,58.603183577200085
-55.2633,-60.4016,51.74007156359178
-55.1833,-60.4016,45.123440392964234
-55.1033,-60.4016,39.53534656599739
-55.0233,-60.4016,35.27490408475413
-54.9433,-60.4016,32.00748908726167
-54.8633,-60.4016,30.433601518996053
-54.7833,-60.4016,31.879953997866025
-54.7033,-60.4016,37.29806953991223
-54.6233,-60.4016,47.04572113189675
-54.5433,-60.4016,60.71108145496962
-54.4633,-60.4016,77.76320359287412
-54.3833,-60.4016,101.38250868837078
-54.3033,-60.4016,133.94465725012446
-54.2233,-60.4016,176.5321947710023
-54.1433,-60.4016,228.23561992477917
-54.0633,-60.4016,280.39940343266164
-53.9833,-60.4016,305.33153202612954
-53.9033,-60.4016,295.2333988832516
-53.8233,-60.4016,274.9143909764361
-53.7433,-60.4016,256.04423267550317
-53.6633,-60.4016,242.07989761309767
-53.5833,-60.4016,233.2898354239279
-53.5033,-60.4016,229.11479904601038
-57.7433,-60.3216,-0.4139229493286261
-57.6633,-60.3216,0.013309156168131395
-57.5833,-60.3216,0.8549643773541383
-57.5033,-60.3216,2.1965915477484326
-57.4233,-60.3216,4.398505030603855
-57.3433,-60.3216,6.713328386636931
-57.2633,-60.3216,8.717230260631554
-57.1833,-60.3216,10.162388744007162
-57.1033,-60.3216,10.959822912996668
-57.0233,-60.3216,11.242249722062141
-56.9433,-60.3216,10.957658694638718
-56.8633,-60.3216,10.545224297467607
-56.7833,-60.3216,10.856115944551542
-56.7033,-60.3216,12.463539358343114
-56.6233,-60.3216,15.460653713639967
-56.5433,-60.3216,19.387716429253995
-56.4633,-60.3216,24.33800972609161
-56.3833,-60.3216,28.342855516632355
-56.3033,-60.3216,28.064809883137823
-56.2233,-60.3216,21.890767340036057
-56.1433,-60.3216,10.029696470022564
-56.0633,-60.3216,-4.314959011368271
-55.9833,-60.3216,-15.62409633806193
-55.9033,-60.3216,-15.80709078364827
-55.8233,-60.3216,-5.296059352342814
-55.7433,-60.3216,10.1634140895503
-55.6633,-60.3216,26.541239213444268
-55.5833,-60.3216,41.114019603663316
-55.5033,-60.3216,51.0914823548092
-55.4233,-60.3216,53.765156800729166
-55.3433,-60.3216,51.32760833852342
-55.2633,-60.3216,46.01183522258739
-55.1833,-60.3216,39.05625340854909
-55.1033,-60.3216,31.172049074974893
-55.0233,-60.3216,23.942927967119626
-54.9433,-60.3216,22.677560093952053
-54.8633,-60.3216,23.86874583827468
-54.7833,-60.3216,25.797353857905907
-54.7033,-60.3216,28.412179213928756
-54.6233,-60.3216,31.73936439604067
-54.5433,-60.3216,35.78702025691853
-54.4633,-60.3216,42.054120065264705
-54.3833,-60.3216,56.739122579066475
-54.3033,-60.3216,76.47731241893355
-54.2233,-60.3216,98.14753843364083
-54.1433,-60.3216,120.51804575306987
-54.0633,-60.3216,146.5951338233645
-53.9833,-60.3216,187.78499581766542
-53.9033,-60.3216,211.49672005626303
-53.8233,-60.3216,219.22955223334702
-53.7433,-60.3216,218.73392860541693
-53.6633,-60.3216,215.53154399233586
-53.5833,-60.3216,212.46167153539213
-53.5033,-60.3216,210.72615939062092
-57.7433,-60.2416,-1.4548307780395797
-57.6633,-60.2416,-1.2616157902334315
-57.5833,-60.2416,-0.86988410940519
-57.5033,-60.2416,-0.09461048581794707
-57.4233,-60.2416,2.293036768838211
-57.3433,-60.2416,4.818794958361681
-57.2633,-60.2416,7.111350574453092
-57.1833,-60.2416,9.082035090581655
-57.1033,-60.2416,10.770595010031451
-57.0233,-60.2416,12.123895089644941
-56.9433,-60.2416,11.72652635099181
-56.8633,-60.2416,10.332690038313158
-56.7833,-60.2416,9.036877470084422
-56.7033,-60.2416,7.829325197073273
-56.6233,-60.2416,6.25435169974675
-56.5433,-60.2416,4.21846688801573
-56.4633,-60.2416,6.648197607697633
-56.3833,-60.2416,11.997688047667781
-56.3033,-60.2416,14.063927704326156
-56.2233,-60.2416,12.570860878267958
-56.1433,-60.2416,9.333704918056924
-56.0633,-60.2416,7.127598974010468
-55.9833,-60.2416,3.9270193456041285
-55.9033,-60.2416,-3.058940344654733
-55.8233,-60.2416,-1.412872126798801
-55.7433,-60.2416,7.005678922012455
-55.6633,-60.2416,18.570703725427453
-55.5833,-60.2416,30.20326240831258
-55.5033,-60.2416,39.2586023722587
-55.4233,-60.2416,42.956884194380066
-55.3433,-60.2416,42.8663208385187
-55.2633,-60.2416,39.85443536849286
-55.1833,-60.2416,34.33232798057257
-55.1033,-60.2416,26.49743894045414
-55.0233,-60.2416,17.806201703834883
-54.9433,-60.2416,17.972462481077837
-54.8633,-60.2416,20.09518852172731
-54.7833,-60.2416,21.124172287473492
-54.7033,-60.2416,20.716372901374108
-54.6233,-60.2416,18.654522333816484
-54.5433,-60.2416,14.747445278440349
-54.4633,-60.2416,10.542383699332635
-54.3833,-60.2416,16.262507881860046
-54.3033,-60.2416,23.44347238718919
-54.2233,-60.2416,26.754560643012557
-54.1433,-60.2416,25.07839121756452
-54.0633,-60.2416,28.675099151254532
-53.9833,-60.2416,85.26186771712887
-53.9033,-60.2416,131.52298336741427
-53.8233,-60.2416,159.95158135809461
-53.7433,-60.2416,175.1586745627553
-53.6633,-60.2416,182.51490230278299
-53.5833,-60.2416,185.73317716111617
-53.5033,-60.2416,186.89442726270568
-57.7433,-60.1616,-2.0741472008395143
-57.6633,-60.1616,-1.8862583763889003
-57.5833,-60.1616,-1.4420893766487706
-57.5033,-60.1616,-0.5078246193671446
-57.4233,-60.1616,1.4021289210380667
-57.3433,-60.1616,3.6250690461091657
-57.2633,-60.1616,5.79573386152832
-57.1833,-60.1616,7.762440526253101
-57.1033,-60.1616,9.438438276475784
-57.0233,-60.1616,10.587495479269961
-56.9433,-60.1616,10.525623181846404
-56.8633,-60.1616,9.484538879371245
-56.7833,-60.1616,8.051265251461011
-56.7033,-60.1616,6.362585639429959
-56.6233,-60.1616,4.427468912867749
-56.5433,-60.1616,2.8618195359464855
-56.4633,-60.1616,3.9769730791514437
-56.3833,-60.1616,6.8134119392728385
-56.3033,-60.1616,8.498302669610341
-56.2233,-60.1616,8.635257943296688
-56.1433,-60.1616,8.14224744152578
-56.0633,-60.1616,7.749329991094535
-55.9833,-60.1616,5.711776685646897
-55.9033,-60.1616,1.2445358599985559
-55.8233,-60.1616,0.7041862074596813
-55.7433,-60.1616,4.932516311565986
-55.6633,-60.1616,12.224530395176679
-55.5833,-60.1616,20.418951296609116
-55.5033,-60.1616,27.642010813673984
-55.4233,-60.1616,32.555926020637365
-55.3433,-60.1616,35.20659303161767
-55.2633,-60.1616,35.648159487555205
-55.1833,-60.1616,34.04313074019327
-55.1033,-60.1616,30.74653948369675
-55.0233,-60.1616,26.74484525467161
-54.9433,-60.1616,24.370939775284995
-54.8633,-60.1616,23.040385571096408
-54.7833,-60.1616,21.19847592491842
-54.7033,-60.1616,18.056020619481806
-54.6233,-60.1616,13.139950313748349
-54.5433,-60.1616,6.345021347398867
-54.4633,-60.1616,-1.0445892481064702
-54.3833,-60.1616,-4.743131580109135
-54.3033,-60.1616,-7.5366890483238045
-54.2233,-60.1616,-11.499609353833467
-54.1433,-60.1616,-14.141277368993313
-54.0633,-60.1616,-4.1060558827719245
-53.9833,-60.1616,37.833142795014744
-53.9033,-60.1616,81.39068900854133
-53.8233,-60.1616,114.779470878227
-53.7433,-60.1616,137.1079766664021
-53.6633,-60.1616,150.8123923590225
-53.5833,-60.1616,158.46979888726045
-53.5033,-60.1616,161.8645043759743
-57.7433,-60.0816,-2.256444655405163
-57.6633,-60.0816,-1.9916475732055372
-57.5833,-60.0816,-1.4019144236415877
-57.5033,-60.0816,-0.3757290045656604
-57.4233,-60.0816,1.1373683378352892
-57.3433,-60.0816,2.9174611945839106
-57.2633,-60.0816,4.72633507917761
-57.1833,-60.0816,6.383292822569433
-57.1033,-60.0816,7.743926878249988
-57.0233,-60.0816,8.663820318253128
-56.9433,-60.0816,9.066945913622996
-56.8633,-60.0816,8.826271931029668
-56.7833,-60.0816,8.211357032089394
-56.7033,-60.0816,7.485591696319176
-56.6233,-60.0816,6.920515402056847
-56.5433,-60.0816,6.9014237003118035
-56.4633,-60.0816,7.562336466716828
-56.3833,-60.0816,7.84977249964287
-56.3033,-60.0816,7.6837402028926585
-56.2233,-60.0816,7.039621490082899
-56.1433,-60.0816,6.121272026448167
-56.0633,-60.0816,4.902668983155954
-55.9833,-60.0816,2.831763796475386
-55.9033,-60.0816,0.47023108992343243
-55.8233,-60.0816,-0.02088799899882809
-55.7433,-60.0816,2.2317521747934865
-55.6633,-60.0816,6.644402373985
-55.5833,-60.0816,12.079315437619925
-55.5033,-60.0816,17.698451084660196
-55.4233,-60.0816,23.72968732544672
-55.3433,-60.0816,29.144856993356616
-55.2633,-60.0816,33.26413031060749
-55.1833,-60.0816,36.09652220501331
-55.1033,-60.0816,37.9672915748743
-55.0233,-60.0816,38.698878974992915
-54.9433,-60.0816,34.01673253127217
-54.8633,-60.0816,29.37235459578058
-54.7833,-60.0816,24.869746606770388
-54.7033,-60.0816,19.91625642797194
-54.6233,-60.0816,14.022753247501544
-54.5433,-60.0816,6.837122676680834
-54.4633,-60.0816,-1.9278840520826077
-54.3833,-60.0816,-11.210832170453166
-54.3033,-60.0816,-19.145538141952255
-54.2233,-60.0816,-24.41363120592025
-54.1433,-60.0816,-23.381301277669976
-54.0633,-60.0816,-9.209552725421583
-53.9833,-60.0816,22.41421888283874
-53.9033,-60.0816,56.55436376515434
-53.8233,-60.0816,86.28448464195193
-53.7433,-60.0816,109.053409051889
-53.6633,-60.0816,124.85140831632303
-53.5833,-60.0816,134.59629138080936
-53.5033,-60.0816,139.20716687836085
-57.7433,-60.0016,-2.18580118050362
-57.6633,-60.0016,-1.8550779059868168
-57.5833,-60.0016,-1.1636132298286568
-57.5033,-60.0016,-0.10031461289081763
-57.4233,-60.0016,1.1017997596451545
-57.3433,-60.0016,2.4872817713172806
-57.2633,-60.0016,3.924284395646323
-57.1833,-60.0016,5.24480092089931
-57.1033,-60.0016,6.307913532911617
-57.0233,-60.0016,7.070321191621189
-56.9433,-60.0016,8.000640611428043
-56.8633,-60.0016,8.600732874843139
-56.7833,-60.0016,9.020908154884523
-56.7033,-60.0016,9.557202302188337
-56.6233,-60.0016,10.523488472675854
-56.5433,-60.0016,12.035423226929874
-56.4633,-60.0016,12.754039993053274
-56.3833,-60.0016,10.812386718536672
-56.3033,-60.0016,8.66316335082042
-56.2233,-60.0016,6.526194829326049
-56.1433,-60.0016,4.307611067021956
-56.0633,-60.0016,1.828516260441704
-55.9833,-60.0016,-0.6867759886228841
-55.9033,-60.0016,-1.8572308211690467
-55.8233,-60.0016,-1.9769014740935282
-55.7433,-60.0016,-0.5892429819244431
-55.6633,-60.0016,2.191940917494639
-55.5833,-60.0016,5.885319410751278
-55.5033,-60.0016,10.31326847498245
-55.4233,-60.0016,17.33756382401789
-55.3433,-60.0016,24.91286003557789
-55.2633,-60.0016,31.753920073606487
-55.1833,-60.0016,37.5625164022632
-55.1033,-60.0016,42.12774957561417
-55.0233,-60.0016,44.36948233334874
-54.9433,-60.0016,40.41249850110496
-54.8633,-60.0016,34.98424117310203
-54.7833,-60.0016,29.348177480943633
-54.7033,-60.0016,23.63686889899468
-54.6233,-60.0016,17.722625104363203
-54.5433,-60.0016,11.276339183777738
-54.4633,-60.0016,2.4307272098252253
-54.3833,-60.0016,-9.989805284797834
-54.3033,-60.0016,-19.96444958655836
-54.2233,-60.0016,-24.61990802534785
-54.1433,-60.0016,-20.6772240506329
-54.0633,-60.0016,-4.7988834232331286
-53.9833,-60.0016,21.210892332363958
-53.9033,-60.0016,46.10413291544935
-53.8233,-60.0016,70.04684770489195
-53.7433,-60.0016,90.45326512197019
-53.6633,-60.0016,105.93174149032733
-53.5833,-60.0016,116.13643869572137
-53.5033,-60.0016,121.1682036423963
-57.7433,-59.9216,-2.0564826995529284
-57.6633,-59.9216,-1.7091897349075884
-57.5833,-59.9216,-1.0250243666857592
-57.5033,-59.9216,-0.062043687692153585
-57.4233,-59.9216,1.0166990293775369
-57.3433,-59.9216,2.198723268492588
-57.2633,-59.9216,3.4104589566492276
-57.1833,-59.9216,4.55108049822114
-57.1033,-59.9216,5.560783918704314
-57.0233,-59.9216,6.4983124519246465
-56.9433,-59.9216,7.605127749148808
-56.8633,-59.9216,8.701392674318116
-56.7833,-59.9216,9.832892831279608
-56.7033,-59.9216,11.150056741812522
-56.6233,-59.9216,12.711614831549845
-56.5433,-59.9216,14.180837401445672
-56.4633,-59.9216,14.37057534223275
-56.3833,-59.9216,12.326123384834696
-56.3033,-59.9216,9.472375387804732
-56.2233,-59.9216,6.430093835491357
-56.1433,-59.9216,3.375174239652871
-56.0633,-59.9216,0.40048685670505807
-55.9833,-59.9216,-2.0984647461812025
-55.9033,-59.9216,-3.3832914212010627
-55.8233,-59.9216,-3.5950767434137076
-55.7433,-59.9216,-2.640505316906594
-55.6633,-59.9216,-0.5053690532830027
-55.5833,-59.9216,2.7938541195384263
-55.5033,-59.9216,7.54814694382383
-55.4233,-59.9216,14.589516313479322
-55.3433,-59.9216,22.764825193371294
-55.2633,-59.9216,30.820500396676348
-55.1833,-59.9216,37.93434090372488
-55.1033,-59.9216,43.29182324278661
-55.0233,-59.9216,45.598728957761644
-54.9433,-59.9216,43.22855399587001
-54.8633,-59.9216,38.42238878703637
-54.7833,-59.9216,32.690435506561656
-54.7033,-59.9216,26.647748902305466
-54.6233,-59.9216,20.31657329894588
-54.5433,-59.9216,13.153835444183938
-54.4633,-59.9216,3.7037930963517733
-54.3833,-59.9216,-8.220187094993133
-54.3033,-59.9216,-17.821909214713298
-54.2233,-59.9216,-21.60390799390112
-54.1433,-59.9216,-16.90601646632747
-54.0633,-59.9216,-2.6653137702097567
-53.9833,-59.9216,18.323562873526395
-53.9033,-59.9216,39.827092506594155
-53.8233,-59.9216,60.66831800481369
-53.7433,-59.9216,79.11434824485188
-53.6633,-59.9216,93.74976863767358
-53.5833,-59.9216,103.77134669288145
-53.5033,-59.9216,108.83512761912431
-57.7433,-59.8416,-1.9726905801820427
-57.6633,-59.8416,-1.6281863565391141
-57.5833,-59.8416,-0.9683798668748771
-57.5033,-59.8416,-0.0686687783765004
-57.4233,-59.8416,0.9530452358720739
-57.3433,-59.8416,2.0494941418880477
-57.2633,-59.8416,3.164984414813145
-57.1833,-59.8416,4.239654408672216
-57.1033,-59.8416,5.2597579512452235
-57.0233,-59.8416,6.3037566798728735
-56.9433,-59.8416,7.510363627292206
-56.8633,-59.8416,8.836193106536836
-56.7833,-59.8416,10.297454744591915
-56.7033,-59.8416,11.936052414449456
-56.6233,-59.8416,13.638640890370924
-56.5433,-59.8416,14.907142234416574
-56.4633,-59.8416,14.815422311098457
-56.3833,-59.8416,12.852078536420906
-56.3033,-59.8416,9.829369090872817
-56.2233,-59.8416,6.431648091679607
-56.1433,-59.8416,3.021617845919596
-56.0633,-59.8416,-0.14149610782161617
-55.9833,-59.8416,-2.661660158671531
-55.9033,-59.8416,-4.091714631321497
-55.8233,-59.8416,-4.431434921597297
-55.7433,-59.8416,-3.6604470217709566
-55.6633,-59.8416,-1.7125389714739192
-55.5833,-59.8416,1.5747111282065487
-55.5033,-59.8416,6.562769063914122
-55.4233,-59.8416,13.599867161962033
-55.3433,-59.8416,21.91486043811293
-55.2633,-59.8416,30.362951496703197
-55.1833,-59.8416,37.892671207340356
-55.1033,-59.8416,43.4376624862757
-55.0233,-59.8416,45.80567366890069
-54.9433,-59.8416,44.225445670568554
-54.8633,-59.8416,39.95599498009468
-54.7833,-59.8416,34.35443269858215
-54.7033,-59.8416,28.16324780552903
-54.6233,-59.8416,21.44351449217104
-54.5433,-59.8416,13.632958015717927
-54.4633,-59.8416,3.863244861985747
-54.3833,-59.8416,-7.292186126627861
-54.3033,-59.8416,-16.210938234570527
-54.2233,-59.8416,-19.456373559216857
-54.1433,-59.8416,-14.7454527961581
-54.0633,-59.8416,-1.81111132068704
-53.9833,-59.8416,16.745096682807336
-53.9033,-59.8416,36.73945827448272
-53.8233,-59.8416,56.24834150039068
-53.7433,-59.8416,73.70914680875656
-53.6633,-59.8416,87.79951093222549
-53.5833,-59.8416,97.6047676215345
-53.5033,-59.8416,102.61397839909455
